--CREATE TABLE s (
--    s#      CHAR(4),
--    sname   CHAR(8),
--    age     SMALLINT,
--    sex     CHAR(1),
--    PRIMARY KEY (s#)
--);

--CREATE TABLE c (
--    c#        CHAR(4),
--    cname     CHAR(10) NOT NULL,
--    teacher   CHAR(8),
--    PRIMARY KEY (c#)
--);
--
--CREATE TABLE sc (
--    s#      CHAR(4),
--    c#      CHAR(4),
--    grade   SMALLINT,
--    PRIMARY KEY (s#,c#),
--    FOREIGN KEY (s#) REFERENCES S ( s# ),
--    FOREIGN KEY (c#) REFERENCES C ( c# ),
--    CHECK ( ( grade IS NULL )
--            OR ( grade BETWEEN 0 AND 100 ) )
--);

--TABLE S DATA
--INSERT INTO S(S#,SNAME,AGE,SEX) VALUES('S1','WANG',20,'M');
--INSERT INTO S(S#,SNAME,AGE,SEX) VALUES('S4','WU',19,'M');
--INSERT INTO S(S#,SNAME,AGE,SEX) VALUES('S2','LIU',21,'F');
--INSERT INTO S(S#,SNAME,AGE,SEX) VALUES('S3','CHEN',22,'M');
--INSERT INTO S(S#,SNAME,AGE,SEX) VALUES('S8','DONG',18,'F');

--TABLE C DATA
--INSERT INTO C(C#,CNAME,TEACHER) VALUES('C2','MATHS','MA');
--INSERT INTO C(C#,CNAME,TEACHER) VALUES('C4','PHYSICS','SHI');
--INSERT INTO C(C#,CNAME,TEACHER) VALUES('C3','CHEMISTRY','ZHOU');
--INSERT INTO C(C#,CNAME,TEACHER) VALUES('C1','DATABASE','LI');

--TABLE SC DATA
--INSERT INTO SC(S#,C#,GRADE) VALUES('S1','C1', 80);
--INSERT INTO SC(S#,C#,GRADE) VALUES('S3','C1', 90);
--INSERT INTO SC(S#,C#,GRADE) VALUES('S1','C2', 70);
--INSERT INTO SC(S#,C#,GRADE) VALUES('S3','C2', 85);
--INSERT INTO SC(S#,C#,GRADE) VALUES('S3','C3', 95);
--INSERT INTO SC(S#,C#,GRADE) VALUES('S4','C4', 70);
--INSERT INTO SC(S#,C#,GRADE) VALUES('S8','C3', 90);

--COMMIT;

--ALTER TABLE S ADD ADDRESS VARCHAR2(30);

ALTER TABLE S DROP COLUMN ADDRESS;

